{"New York City": [40.7308619, -73.9871558], "Los Angeles": [34.0536834, -118.2427669], "San Diego": [32.7174209, -117.1627714], "San Jose": [37.3361905, -121.8905833], "San Francisco": [37.7790262, -122.4199061], "Houston": [29.7589382, -95.3676974], "San Antonio": [29.4246002, -98.4951405], "Dallas": [32.7762719, -96.7968559], "Austin": [30.2711286, -97.7436995], "Fort Worth": [32.753177, -97.3327459], "El Paso": [31.7600372, -106.487287], "Chicago": [41.8755616, -87.6244212],"Philadelphia": [39.9524152, -75.1635755],"Phoenix": [33.4484367, -112.0741417], "Jacksonville": [30.3321838, -81.655651], "Indianapolis": [39.7683331, -86.1583502], "Columbus": [39.9622601, -83.0007065], "Detroit": [42.3315509, -83.0466403], "Charlotte": [35.2270869, -80.8431268], "Memphis": [35.1490215, -90.0516285], "Seattle": [47.6038321, -122.3300624], "Boston": [42.3602534, -71.0582912], "Baltimore": [39.2908816, -76.610759], "Denver": [39.7392364, -104.9848623],"Washington DC": [38.8949549, -77.0366456]}